<?xml version="1.0" encoding="utf-8"?>
<!--UPDATED BY AMBERU-->
<modification>
  <name>Footer Social Icons - Updated by Amberu</name>
  <code>Footer Social Icons</code>
  <version>1.0</version>
  <author>Avigh Tech</author>
  <link>http://www.avightech.info</link>
  <file path="catalog/view/theme/theme624/template/common/header.tpl">
		<operation error="skip">
			<search><![CDATA[
			</head>
			]]></search>
			<add position="before"><![CDATA[
			<!--Footer Social Icons-->
			<style type="text/css">
				.footer-social-icons{margin-top:-10px; margin-right: 50px;}
				.footer-social-icons a{width:40px; height:40px; text-align:center; margin:0 2px; display:inline-block; font-size:30px; background:#777; color:#fff; border-radius:50px; -webkit-transition: all 0.3s ease-in-out; -moz-transition: all 0.3s ease-in-out; -o-transition: all 0.3s ease-in-out; -ms-transition: all 0.3s ease-in-out; transition: all 0.3s ease-in-out;}
				.footer-social-icons a:hover {color: #fff;}
				.footer-social-icons a{-webkit-transition: all 0.3s ease-in-out; -moz-transition: all 0.3s ease-in-out; -o-transition: all 0.3s ease-in-out; -ms-transition: all 0.3s ease-in-out; transition: all 0.3s ease-in-out;}
				.footer-social-icons a .fa {font-size: 25px; padding: 14px 0px; margin-right: 1px;}
				.footer-social-icons a.facebook:hover{background:#39599f;}
				.footer-social-icons a.twitter:hover{background:#45b0e3;}
				.footer-social-icons a.vk:hover{background:#507299;}
				.footer-social-icons a.instagram:hover{background:#1f1f1f;}
				.footer-social-icons a.linkedin:hover{background:#0177B5;}
				.footer-social-icons a.youtube:hover{background:#C2171D;}
				.footer-social-icons a.google:hover{background:#E21C1B;}
			</style>
			<!--End-->
			]]></add>
		</operation>
	</file>
  <file path="catalog/view/theme/theme624/template/common/footer.tpl">
		<operation error="skip">
			<search><![CDATA[
			<?php echo $powered; ?>
			]]></search>
			<add position="after"><![CDATA[
			<!--Footer Social Icons-->
			<span class="footer-social-icons pull-right">
				<?php if ($config_facebookid) { ?>
				<a class="facebook" href="<?php echo $config_facebookid; ?>" target="_blank"><i class="fa fa-facebook"></i></a>
				<?php } ?>
				<?php if($config_twitterid != '') { ?>
				<a class="twitter" href="<?php echo $config_twitterid; ?>" target="_blank"><i class="fa fa-twitter"></i></a>
				<?php } ?>
				<?php if($config_vkid != '') { ?>
				<a class="vk" href="<?php echo $config_vkid; ?>" target="_blank"><i class="fa fa-vk"></i></a>
				<?php } ?>
				<?php if($config_instagramid != '') { ?>
				<a class="instagram" href="<?php echo $config_instagramid; ?>" target="_blank"><i class="fa fa-instagram"></i></a>
				<?php } ?>
				<?php if($config_linkedid != '') { ?>
				<a class="linkedin" href="<?php echo $config_linkedid; ?>" target="_blank"><i class="fa fa-linkedin"></i></a>
				<?php } ?>
				<?php if($config_youtubeid != '') { ?>
				<a class="youtube" href="<?php echo $config_youtubeid; ?>" target="_blank"><i class="fa fa-youtube-square"></i></a>
				<?php } ?>
				<?php if($config_googleid != '') { ?>
				<a class="google" href="<?php echo $config_googleid; ?>" target="_blank"><i class="fa fa-google-plus"></i></a>
				<?php } ?>			
			</span>
			<!--End-->
			]]></add>
		</operation>
	</file>
	
	<file path="catalog/controller/common/footer.php">
		<operation error="skip">
			<search><![CDATA[
			$data['newsletter'] = $this->url->link('account/newsletter', '', 'SSL');
			]]></search>
			<add position="after"><![CDATA[
			// Footer Social Icons
			$data['config_facebookid'] = $this->config->get('config_facebookid');
			$data['config_twitterid'] = $this->config->get('config_twitterid');
			$data['config_vkid'] = $this->config->get('config_vkid');
			$data['config_instagramid'] = $this->config->get('config_instagramid');
			$data['config_linkedid'] = $this->config->get('config_linkedid');
			$data['config_youtubeid'] = $this->config->get('config_youtubeid');
			$data['config_googleid'] = $this->config->get('config_googleid');
			// End
			]]></add>
		</operation>
	</file>
	<file path="admin/controller/setting/setting.php">
		<operation error="skip">
			<search><![CDATA[
			$this->load->model('tool/image');
			]]></search>
			<add position="before"><![CDATA[
			// Footer Social Icons
			if (isset($this->request->post['config_facebookid'])) {
			$data['config_facebookid'] = $this->request->post['config_facebookid'];
			} else {
				$data['config_facebookid'] = $this->config->get('config_facebookid');
			}
			if (isset($this->request->post['config_twitterid'])) {
				$data['config_twitterid'] = $this->request->post['config_twitterid'];
			} else {
				$data['config_twitterid'] = $this->config->get('config_twitterid');
			}
			if (isset($this->request->post['config_vkid'])) {
				$data['config_vkid'] = $this->request->post['config_vkid'];
			} else {
				$data['config_vkid'] = $this->config->get('config_vkid');
			}
			if (isset($this->request->post['config_instagramid'])) {
				$data['config_instagramid'] = $this->request->post['config_instagramid'];
			} else {
				$data['config_instagramid'] = $this->config->get('config_instagramid');
			}
			if (isset($this->request->post['config_linkedid'])) {
				$data['config_linkedid'] = $this->request->post['config_linkedid'];
			} else {
				$data['config_linkedid'] = $this->config->get('config_linkedid');
			}
			
			if (isset($this->request->post['config_youtubeid'])) {
				$data['config_youtubeid'] = $this->request->post['config_youtubeid'];
			} else {
				$data['config_youtubeid'] = $this->config->get('config_youtubeid');
			}
			if (isset($this->request->post['config_googleid'])) {
				$data['config_googleid'] = $this->request->post['config_googleid'];
			} else {
				$data['config_googleid'] = $this->config->get('config_googleid');
			}
			//END
			]]></add>
		</operation>
	</file>
	<file path="admin/view/template/setting/setting.tpl">
		<operation error="skip">
			<search><![CDATA[
			<li><a href="#tab-server" data-toggle="tab"><?php echo $tab_server; ?></a></li>
			]]></search>
			<add position="after"><![CDATA[
			<li><a href="#tab-footer-social-icons" data-toggle="tab">Footer Social Icons</a></li>
			]]></add>
		</operation>
		<operation error="skip">
			<search><![CDATA[
			<div class="tab-content">
			]]></search>
			<add position="after"><![CDATA[
			<div class="tab-pane" id="tab-footer-social-icons">
			  <div class="form-group">
                <label class="col-sm-2 control-label" for="facebook-id">Facebook URL</label>
                <div class="col-sm-10">
                  <input class="form-control" id="facebook-id" type="text" name="config_facebookid" placeholder="Your Facebook Page URL" value="<?php echo $config_facebookid; ?>" />
                </div>
              </div>
			  
			  <div class="form-group">
                <label class="col-sm-2 control-label" for="twitter-id">Twitter URL</label>
                <div class="col-sm-10">
                  <input class="form-control" id="twitter-id" type="text" name="config_twitterid" placeholder="Your Twitter Page URL" value="<?php echo $config_twitterid; ?>" />
                </div>
              </div>
			  
			  <div class="form-group">
                <label class="col-sm-2 control-label" for="vk-id">Vkontakte URL</label>
                <div class="col-sm-10">
                  <input class="form-control" id="vk-id" type="text" name="config_vkid" placeholder="Your Vkontakte Page URL" value="<?php echo $config_vkid; ?>" />
                </div>
              </div>
			  
			  <div class="form-group">
                <label class="col-sm-2 control-label" for="instagram-id">Instagram URL</label>
                <div class="col-sm-10">
                  <input class="form-control" id="instagram-id" type="text" name="config_instagramid" placeholder="Your Instagram Page URL" value="<?php echo $config_instagramid; ?>" />
                </div>
              </div>
			  
			  <div class="form-group">
                <label class="col-sm-2 control-label" for="linked-id">Linkedin URL</label>
                <div class="col-sm-10">
                  <input class="form-control" id="linked-id" type="text" name="config_linkedid" placeholder="Your Linkedin Page URL" value="<?php echo $config_linkedid; ?>" />
                </div>
              </div>
			  
			  <div class="form-group">
                <label class="col-sm-2 control-label" for="youtube-id">Youtube URL</label>
                <div class="col-sm-10">
                  <input class="form-control" id="youtube-id" type="text" name="config_youtubeid" placeholder="Your Youtube Page URL" value="<?php echo $config_youtubeid; ?>" />
                </div>
              </div>
			  
			  <div class="form-group">
                <label class="col-sm-2 control-label" for="google-id">Google URL</label>
                <div class="col-sm-10">
                  <input class="form-control" id="google-id" type="text" name="config_googleid" placeholder="Your Google Page URL" value="<?php echo $config_googleid; ?>" />
                </div>
              </div>
			  
			  <section class="text-center"> by <a target="_blank" href="http://www.avightech.info">Saravanan C Updated by Amberu</a></section>
			  </div>
			]]></add>
		</operation>
	</file>
</modification>