
<!--
/*******************************************************************************
*                                 Opencart SEO Pack                            *
*                             Copyright : Ovidiu Fechete                       *
*                              email: ovife21@gmail.com                        *
*                Below source-code or any part of the source-code              *
*                          cannot be resold or distributed.                    *
*******************************************************************************/
-->

<modification>

	<id>Custom titles</id>
	<version>1.0.0</version>
	<vqmver>2.1.5</vqmver>
	<author>ovife21</author>
	
	<file name="catalog/controller/product/category.php">
		<operation error="skip">
			<search position="replace"><![CDATA[setTitle($category_info['meta_title'])]]></search>
			<add><![CDATA[setTitle($category_info['meta_title']?$category_info['meta_title']:$category_info['name'])]]></add>
		</operation>				
	</file>
	<file name="catalog/controller/product/product.php">
		<operation error="skip">
			<search position="replace"><![CDATA[setTitle($product_info['meta_title'])]]></search>
			<add><![CDATA[setTitle(($product_info['meta_title']?$product_info['meta_title']:$product_info['name']))]]></add>
		</operation>				
	</file>
	<file name="catalog/controller/information/information.php">
		<operation error="skip">
			<search position="replace"><![CDATA[setTitle($information_info['meta_title'])]]></search>
			<add><![CDATA[setTitle($information_info['meta_title']?$information_info['meta_title']:$information_info['title'])]]></add>
		</operation>				
	</file>
	<file name="admin/view/template/catalog/seopack.tpl">
		<operation>
			<search position="before"><![CDATA[<p><a onclick="clearseo('Products Tags', '<?php echo $cleartags; ?>');" class="button" style="background:red">Clear Tags</a></p>]]></search>
			<add><![CDATA[<p><a onclick="clearseo('Product Custom Titles', '<?php echo $cleartitles; ?>');" class="button" style="background:red">Clear Custom Titles</a></p>]]></add>
		</operation>
		<operation>
			<search position="before"><![CDATA[<td class="left"><b>Tags Generator</b></td>]]></search>
			<add><![CDATA[<td class="left"><b>Product Custom Meta Titles Generator</b></td>
                <td class="left"><span class="help">Product Custom Titles Generator generates custom titles for products from relevant keywords from product(%p) and category(%c) names.<br><br>
				<b>Parameters</b><br>
				There are available the following parameters and they will be replaced by their actual value: <b>%p</b> - product's name, <b>%c</b> - category's name, <b>%m</b> - model, <b>%s</b> - product's sku, <b>%u</b> - product's upc, <b>%b</b> - product's brand and <b>%$</b> - product's price.<br>
				<b>Example: %p (%m) by www.mysite.com</b> - will generate the following cutom title for a product called 'iPod' with model = 'iPod4': <b>iPod (iPod4) by www.mysite.com</b>.<br>				
				<i>Before generating custom titles, if you have modified parameters, don't forget to save them using Save Parameters button.</i>	
				</span></td>
                <td class="left"><input type="text" name="seopack_parameters[ctitles]" value="<?php if (isset($seopack_parameters['ctitles'])) echo $seopack_parameters['ctitles'];?>" size="10"/></td>
                <td class="right">
					<?php if (file_exists(DIR_APPLICATION.'custom_title_generator.php')) { ?>
					<a onclick="location = 'custom_title_generator.php?token=<?php echo $token; ?>'" class="button">Generate</a>
					<?php } else { ?>
					<a onclick="alert('Custom Titles Generator is not installed!\nYou can purchase the whole Opencart SEO Pack PRO:\n http://www.opencart.com/index.php?route=extension/extension/info&extension_id=6182');" class="button" style="background:lightgrey">Generate</a>
					<?php } ?>
				</td>
              </tr>
            </tbody>
			
			<tbody>
              <tr>]]></add>
		</operation>		
	</file>	
	<file name="admin/controller/catalog/seopack.php">
		<operation>
			<search position="before"><![CDATA[public function cleartags() {]]></search>
			<add><![CDATA[public function cleartitles() {
	
		$query = $this->db->query("update " . DB_PREFIX . "product_description set meta_title = '';");
		
		$this->session->data['success'] = "Custom Titles were deleted.";
		
		$this->response->redirect($this->url->link('catalog/seopack', 'token=' . $this->session->data['token'], 'SSL'));
	
			}]]></add>
		</operation>	
		<operation>
			<search position="before"><![CDATA[$data['cleartags']]]></search>
			<add><![CDATA[$data['cleartitles'] = $this->url->link('catalog/seopack/cleartitles', 'token=' . $this->session->data['token'], 'SSL');]]></add>
		</operation>		
	</file>	
	<file name="admin/controller/catalog/seoedit.php">
		<operation>
			<search position="before"><![CDATA[$meta_keyword = $this->db->escape($_POST['meta_keyword']);]]></search>
			<add><![CDATA[$meta_title = $this->db->escape($_POST['meta_title']);]]></add>
		</operation>		
		<operation>
			<search position="before"><![CDATA[$query = $this->db->query("update " . DB_PREFIX . "product_description set meta_keyword = '$meta_keyword' where product_id = $id and language_id = $language_id;");]]></search>
			<add><![CDATA[$query = $this->db->query("update " . DB_PREFIX . "product_description set meta_title = '$meta_title' where product_id = $id and language_id = $language_id;");]]></add>
		</operation>	
		<operation>
			<search position="before"><![CDATA[$query = $this->db->query("update " . DB_PREFIX . "category_description set meta_keyword]]></search>
			<add><![CDATA[$query = $this->db->query("update " . DB_PREFIX . "category_description set meta_title = '$meta_title' where category_id = $id and language_id = $language_id;");]]></add>
		</operation>
		<operation>
			<search position="before"><![CDATA[$query = $this->db->query("update " . DB_PREFIX . "information_description set meta_keyword]]></search>
			<add><![CDATA[$query = $this->db->query("update " . DB_PREFIX . "information_description set meta_title = '$meta_title' where information_id = $id and language_id = $language_id;");]]></add>
		</operation>		
	</file>
	<file name="admin/view/template/catalog/seoeditor.tpl">
		<operation>
			<search position="before"><![CDATA[<td class="left"  style="width:220px;"><?php if ($sort == 'meta_keyword') { ?>]]></search>
			<add><![CDATA[
			<td class="left"  style="width:220px;"><?php if ($sort == 'meta_title') { ?>
                <a href="<?php echo $sort_meta_title; ?>" class="<?php echo strtolower($order); ?>"><?php echo $column_meta_title; ?></a>
                <?php } else { ?>
                <a href="<?php echo $sort_meta_title; ?>"><?php echo $column_meta_title; ?></a>
                <?php } ?></td>
			]]></add>
		</operation>		
		<operation>
			<search position="before"><![CDATA[<td><input type="text" name="filter_meta_keyword" value="<?php echo $filter_meta_keyword; ?>" /></td>]]></search>
			<add><![CDATA[<td><input type="text" name="filter_meta_title" value="<?php echo $filter_meta_title; ?>" /></td>]]></add>
		</operation>		
		<operation>
			<search position="before"><![CDATA[<?php if ($product['meta_keyword'] <> -1) { ?>]]></search>
			<add><![CDATA[
			<?php if ($product['meta_title'] <> -1) { ?>
				   <td class="edit_td">
					<span id="meta_title_<?php echo $product['type'].$product['id']; ?>" class="text"><?php echo $product['meta_title']; ?></span>
					<textarea class="editbox" id="meta_title_input_<?php echo $product['type'].$product['id']; ?>"/><?php echo $product['meta_title']; ?></textarea>
				  </td>
			  <?php } else { ?>
					<td class="left" style="background:lightgrey"></td>
			  <?php } ?>
			  ]]></add>
		</operation>		
		<operation>
			<search position="replace"><![CDATA[textarea class="editbox"]]></search>
			<add><![CDATA[textarea style="width:180px;" class="editbox"]]></add>
		</operation>		
		<operation>
			<search position="before"><![CDATA[var filter_meta_keyword = $('input[name=\'filter_meta_keyword\']').val();]]></search>
			<add><![CDATA[
			var filter_meta_title = $('input[name=\'filter_meta_title\']').val();
	
			if (filter_meta_title) {
				url += '&filter_meta_title=' + encodeURIComponent(filter_meta_title);
			}]]></add>
		</operation>					
	</file>
	<file name="admin/model/catalog/seoeditor.php">
		<operation>
			<search position="before" index="1,5"><![CDATA[if (!empty($data['filter_meta_keyword'])) {]]></search>
			<add><![CDATA[if (!empty($data['filter_meta_title'])) {
				$sql .= " AND LCASE(pd.meta_title) LIKE '%" . $this->db->escape(utf8_strtolower($data['filter_meta_title'])) . "%'";
			}]]></add>
		</operation>		
		<operation>
			<search position="replace"><![CDATA[pd.meta_keyword,]]></search>
			<add><![CDATA[pd.meta_keyword, pd.meta_title,]]></add>
		</operation>	
		<operation>
			<search position="replace"><![CDATA['meta_keyword',]]></search>
			<add><![CDATA['meta_keyword', 'meta_title', ]]></add>
		</operation>	
		<operation>
			<search position="replace"><![CDATA[cd.meta_keyword,]]></search>
			<add><![CDATA[cd.meta_keyword, meta_title,]]></add>
		</operation>	
		<operation>
			<search position="replace"><![CDATA[id.meta_keyword,]]></search>
			<add><![CDATA[id.meta_keyword, meta_title,]]></add>
		</operation>	
		<operation>
			<search position="replace"><![CDATA[-1, -1, -1]]></search>
			<add><![CDATA[-1, -1, -1, -1]]></add>
		</operation>		
		<operation>
			<search position="after"><![CDATA[$sql .= " AND 1=2";]]></search>
			<add><![CDATA[
			}
			if (!empty($data['filter_meta_title'])) {
				$sql .= " AND 1=2";]]></add>
		</operation>		
	</file>	
	<file name="admin/controller/catalog/seoeditor.php">
		<operation>
			<search position="before" index="1,4"><![CDATA[if (isset($this->request->get['filter_meta_keyword'])) {]]></search>
			<add><![CDATA[
			if (isset($this->request->get['filter_meta_title'])) {
				$filter_meta_title = $this->request->get['filter_meta_title'];
			} else {
				$filter_meta_title = null;
			}]]></add>
		</operation>		
		<operation>
			<search position="before" index="2,3"><![CDATA[if (isset($this->request->get['filter_meta_keyword'])) {]]></search>
			<add><![CDATA[
			if (isset($this->request->get['filter_meta_title'])) {
				$url .= '&filter_meta_title=' . $this->request->get['filter_meta_title'];
			}		]]></add>
		</operation>
		<operation>
			<search position="before"><![CDATA['filter_meta_keyword' => $filter_meta_keyword,]]></search>
			<add><![CDATA[
			'filter_meta_title' => $filter_meta_title,		]]></add>
		</operation>
		<operation>
			<search position="before"><![CDATA['meta_keyword'      => $result['meta_keyword'],]]></search>
			<add><![CDATA[
			'meta_title'      => $result['meta_title'],]]></add>
		</operation>
		<operation>
			<search position="before"><![CDATA[$data['column_meta_keyword'] = $this->language->get('column_meta_keyword');]]></search>
			<add><![CDATA[
			$data['column_meta_title'] = 'Custom Title';]]></add>
		</operation>
		<operation>
			<search position="before"><![CDATA[$data['sort_meta_keyword'] = $this->url->link('catalog/seoeditor', 'token=' . $this->session->data['token'] . '&sort=meta_keyword' . $url, 'SSL');]]></search>
			<add><![CDATA[
			$data['sort_meta_title'] = $this->url->link('catalog/seoeditor', 'token=' . $this->session->data['token'] . '&sort=meta_title' . $url, 'SSL');]]></add>
		</operation>
		<operation>
			<search position="before"><![CDATA[$data['filter_meta_keyword'] = $filter_meta_keyword;]]></search>
			<add><![CDATA[
			$data['filter_meta_title'] = $filter_meta_title;]]></add>
		</operation>
		<operation>
			<search position="replace"><![CDATA[|| isset($this->request->get['filter_meta_keyword']) ]]></search>
			<add><![CDATA[|| isset($this->request->get['filter_meta_keyword']) || isset($this->request->get['filter_meta_title']) ]]></add>
		</operation>
		<operation>
			<search position="before"><![CDATA['filter_meta_keyword'      => $filter_meta_keyword,]]></search>
			<add><![CDATA['filter_meta_title'      => $filter_meta_title,]]></add>
		</operation>
		<operation>
			<search position="before"><![CDATA['meta_keyword'      => html_entity_decode($result['meta_keyword'], ENT_QUOTES, 'UTF-8'),]]></search>
			<add><![CDATA['meta_title'      => html_entity_decode($result['meta_title'], ENT_QUOTES, 'UTF-8'),]]></add>
		</operation>
		
	</file>	
	

</modification>

