
<!--
/*******************************************************************************
*                                 Opencart SEO Pack                            *
*                             Copyright : Ovidiu Fechete                       *
*                              email: ovife21@gmail.com                        *
*                Below source-code or any part of the source-code              *
*                          cannot be resold or distributed.                    *
*******************************************************************************/
-->

<modification>

	<id>Product SEO Plus Product Title + Category</id>
	<version>1.0.0</version>
	<vqmver>2.1.5</vqmver>
	<author>ovife21</author>
	
	<file name="catalog/controller/product/product.php">
		<operation>
			<search position="before"><![CDATA[setTitle]]></search>
			<add><![CDATA[$extendedseo = $this->config->get('extendedseo');]]></add>
		</operation>
		<operation>
			<search position="replace"><![CDATA[setTitle(]]></search>
			<add><![CDATA[setTitle(((isset($category_info['name']) && isset($extendedseo['categoryintitle']) )?($category_info['name'].' : '):'').]]></add>
		</operation>		
	</file>
</modification>