<modification>

	<id>404s Report</id>
	<version>1.0.0</version>
	<vqmver>2.1.5</vqmver>
	<author>ovife21</author>
	
	<file name="catalog/controller/common/seo_url.php">
		<operation>
			<search position="replace" index="1"><![CDATA[$this->request->get['route'] = 'error/not_found';]]></search>
			<add><![CDATA[
			$this->request->get['route'] = 'error/not_found'; $this->db->query("insert into " . DB_PREFIX . "404s_report values ('".$this->request->get['_route_']."',now());");
			]]></add>
		</operation>		
				
	</file>	
	
</modification>

