
<!--
/*******************************************************************************
*                                 Opencart SEO Pack                            *
*                             Copyright : Ovidiu Fechete                       *
*                              email: ovife21@gmail.com                        *
*                Below source-code or any part of the source-code              *
*                          cannot be resold or distributed.                    *
*******************************************************************************/
-->

<modification>

	<id>Category Canonical</id>
	<version>1.0.0</version>
	<vqmver>2.1.5</vqmver>
	<author>ovife21</author>
	
	<file name="catalog/controller/product/category.php">
		<operation>
			<search position="after"><![CDATA[$this->document->setKeywords($category_info['meta_keyword']);]]></search>
			<add><![CDATA[
				$canonicals = $this->config->get('canonicals');
				if (isset($canonicals['canonicals_categories'])) {
					$pathx = explode('_', $this->request->get['path']);
					$pathx = end($pathx);
					$this->document->addLink($this->url->link('product/category', 'path=' . $pathx ), 'canonical');
					}
			]]></add>
		</operation>		
	</file>
	<file name="catalog/controller/product/manufacturer.php">
		<operation>
			<search position="after"><![CDATA[$this->load->model('tool/image');]]></search>
			<add><![CDATA[
				$canonicals = $this->config->get('canonicals');
				if (isset($canonicals['canonicals_brands'])) {
					if (isset($this->request->get['manufacturer_id'])) {$this->document->addLink($this->url->link('product/manufacturer/info', 'manufacturer_id=' . $this->request->get['manufacturer_id']), 'canonical');}
					}]]></add>
		</operation>		
	</file>
	<file name="catalog/controller/information/information.php">
		<operation>
			<search position="after"><![CDATA[$this->document->setTitle]]></search>
			<add><![CDATA[
				$canonicals = $this->config->get('canonicals');
				if (isset($canonicals['canonicals_info'])) {
					$this->document->addLink($this->url->link('information/information', 'information_id=' .  $information_id), 'canonical');
					}]]></add>
		</operation>		
	</file>
	<file name="catalog/controller/product/special.php">
		<operation>
			<search position="after"><![CDATA[$this->document->setTitle]]></search>
			<add><![CDATA[
				$canonicals = $this->config->get('canonicals');
				if (isset($canonicals['canonicals_specials'])) {
					$this->document->addLink($this->url->link('product/special'), 'canonical');
					}]]></add>
		</operation>		
	</file>
	<file name="catalog/controller/common/home.php">
		<operation>
			<search position="after"><![CDATA[$this->document->setTitle]]></search>
			<add><![CDATA[
				$canonicals = $this->config->get('canonicals');
				if (isset($canonicals['canonicals_home'])) {
					$this->document->addLink($this->config->get('config_url'), 'canonical');
					}]]></add>
		</operation>		
	</file>
	<file name="catalog/view/theme/*/template/common/header.tpl">
		<operation>
			<search position="after"><![CDATA[base href]]></search>
			<add><![CDATA[
				<?php foreach ($links as $link) { if ($link['rel']=='canonical') {$hasCanonical = true;} } 
				$canonicals = $this->config->get('canonicals');
				if (!isset($hasCanonical) && isset($this->request->get['route']) && (isset($canonicals['canonicals_extended']))) {echo '<link href="'.$this->url->link($this->request->get['route']).'" rel="canonical" />';}
				?> 
				]]></add>
		</operation>		
	</file>
</modification>



