
<!--
/*******************************************************************************
*                                 Opencart SEO Pack                            *
*                             Copyright : Ovidiu Fechete                       *
*                              email: ovife21@gmail.com                        *
*                Below source-code or any part of the source-code              *
*                          cannot be resold or distributed.                    *
*******************************************************************************/
-->

<modification>

	<id>Product SEO Plus</id>
	<version>1.0.0</version>
	<vqmver>2.1.5</vqmver>
	<author>ovife21</author>
	
	<file name="catalog/controller/product/product.php">
		<operation error="skip">
			<search position="replace"><![CDATA[				
			$this->data['description'] = html_entity_decode($product_info['description'], ENT_QUOTES, 'UTF-8');
			]]></search>
			<add><![CDATA[
			$extendedseo = $this->config->get('extendedseo');
			$this->data['description'] = ((isset($extendedseo['productseo']))?'<h2>'.$product_info['name'].'</h2>':'').html_entity_decode($product_info['description'], ENT_QUOTES, 'UTF-8');
			]]></add>
		</operation>		
	</file>
</modification>