
<!--
/*******************************************************************************
*                                 Opencart SEO Pack                            *
*                             Copyright : Ovidiu Fechete                       *
*                              email: ovife21@gmail.com                        *
*                Below source-code or any part of the source-code              *
*                          cannot be resold or distributed.                    *
*******************************************************************************/
-->

<modification>
<id>Store - Meta Keywords</id>
<version>1.0</version>
<vqmver>1.1.0</vqmver>
<author>ovife21</author>

<file name="admin/view/template/setting/store_form.tpl">
	<operation>
	<search position="before"><![CDATA[<td><?php echo $entry_meta_description; ?></td>]]></search>
	<add><![CDATA[<td>Meta Tag Keywords: </td>
				  <td>
				<?php foreach ($languages as $language) { ?>
				<textarea name="config_meta_keywords[<?php echo $language['language_id']; ?>]" cols="40" rows="5"><?php if (isset($config_meta_keywords[$language['language_id']])) { echo $config_meta_keywords[$language['language_id']]; } ?></textarea>			
				<img src="view/image/flags/<?php echo $language['image']; ?>" title="<?php echo $language['name']; ?>" /><br>
				<?php } ?>
				 </td>
				</tr>
				<tr>]]></add>
	</operation>
</file>
<file name="admin/view/template/setting/setting.tpl">
	<operation>
	<search position="before"><![CDATA[<td><?php echo $entry_meta_description; ?></td>]]></search>
	<add><![CDATA[<td>Meta Tag Keywords: </td>
				  <td><?php foreach ($languages as $language) { ?>
				<textarea name="config_meta_keywords[<?php echo $language['language_id']; ?>]" cols="40" rows="5"><?php if (isset($config_meta_keywords[$language['language_id']])) { echo $config_meta_keywords[$language['language_id']]; } ?></textarea>			
				<img src="view/image/flags/<?php echo $language['image']; ?>" title="<?php echo $language['name']; ?>" /><br>
				<?php } ?>
				</td>
				</tr>
				<tr>]]></add>
	</operation>
</file>
<file name="admin/controller/setting/store.php">
	<operation>
	<search position="before"><![CDATA[if (isset($this->request->post['config_meta_description'])) {]]></search>
	<add><![CDATA[
		$this->data['config_meta_keywords'] =array();
		if (isset($this->request->post['config_meta_keywords'])) {
			$this->data['config_meta_keywords'] = $this->request->post['config_meta_keywords'];
		} elseif (isset($store_info['config_meta_keywords'])) {
			$this->data['config_meta_keywords'] = $store_info['config_meta_keywords'];		
		} else {
			$this->data['config_meta_keywords'] = '';
		}]]></add>
	</operation>
</file>
<file name="admin/controller/setting/setting.php">
	<operation>
	<search position="before"><![CDATA[if (isset($this->request->post['config_meta_description'])) {]]></search>
	<add><![CDATA[
		$this->data['config_meta_keywords'] =array();
		if (isset($this->request->post['config_meta_keywords'])) {
			$this->data['config_meta_keywords'] = $this->request->post['config_meta_keywords'];
		} else {
			$this->data['config_meta_keywords'] = $this->config->get('config_meta_keywords');
		}]]></add>
	</operation>
</file>
<file name="catalog/controller/common/home.php">
	<operation>
	<search position="before"><![CDATA[$this->document->setDescription]]></search>
	<add><![CDATA[
		$meta_keywords = $this->config->get('config_meta_keywords');
		$this->document->setKeywords($meta_keywords[$this->config->get('config_language_id')]);
		]]></add>
	</operation>
</file>

</modification>